{"control_nodes": [[-6.890933895424972, -24.031542398457976, -28.0, 8.0], [0.0, 0.0, -28.0, 8.0], [2.1788935686914535, 24.90486745229364, -28.0, 8.0], [-2.162310872981804, 49.52506127759884, -28.0, 8.0], [-5.209044458110489, 74.33871506863188, -28.0, 8.0], [-16.168323127837425, 96.80856622611105, -28.0, 8.0], [-13.989429559145972, 121.7134336784047, -28.0, 8.0]], "sample_nodes": [[0.0, 0.0, -28.0, 8.0], [0.23452573164043292, 1.2905293124653063, -28.0, 8.0], [0.4602163789726805, 2.5861790732344514, -28.0, 8.0], [0.6762811309381506, 3.886442795058214, -28.0, 8.0], [0.8819291764782482, 5.190813990687355, -28.0, 8.0], [1.0763697045343816, 6.498786172872654, -28.0, 8.0], [1.2588119040479555, 7.8098528543648715, -28.0, 8.0], [1.4284649639603761, 9.123507547914777, -28.0, 8.0], [1.584538073213051, 10.43924376627314, -28.0, 8.0], [1.7262404207473867, 11.756555022190742, -28.0, 8.0], [1.8527811955047886, 13.074934828418343, -28.0, 8.0], [1.963369586426663, 14.393876697706702, -28.0, 8.0], [2.057214782454417, 15.712874142806614, -28.0, 8.0], [2.1335259725294566, 17.03142067646882, -28.0, 8.0], [2.191512345593188, 18.349009811444105, -28.0, 8.0], [2.2303830905870186, 19.665135060483248, -28.0, 8.0], [2.249347396452354, 20.97928993633699, -28.0, 8.0], [2.2476144521306014, 22.29096795175613, -28.0, 8.0], [2.224393446563165, 23.599662619491422, -28.0, 8.0], [2.1788935686914535, 24.90486745229364, -28.0, 8.0], [2.102706199763933, 26.207136873319417, -28.0, 8.0], [1.990228560524781, 27.50750238176371, -28.0, 8.0], [1.8448785991589707, 28.806173104434865, -28.0, 8.0], [1.6700742638514752, 30.103358168141163, -28.0, 8.0], [1.4692335027872656, 31.399266699690905, -28.0, 8.0], [1.2457742641513163, 32.6941078258924, -28.0, 8.0], [1.0031144961286, 33.98809067355394, -28.0, 8.0], [0.7446721469040891, 35.281424369483844, -28.0, 8.0], [0.4738651646627549, 36.574318040490404, -28.0, 8.0], [0.1941114975895712, 37.866980813381936, -28.0, 8.0], [-0.09117090613048814, 39.15962181496671, -28.0, 8.0], [-0.3785640983124535, 40.45245017205307, -28.0, 8.0], [-0.6646501307713472, 41.74567501144928, -28.0, 8.0], [-0.9460110553222013, 43.03950545996367, -28.0, 8.0], [-1.219228923780041, 44.334150644404545, -28.0, 8.0], [-1.480885787959893, 45.62981969158018, -28.0, 8.0], [-1.7275636996767865, 46.926721728298915, -28.0, 8.0], [-1.955844710745748, 48.22506588136904, -28.0, 8.0], [-2.162310872981804, 49.52506127759884, -28.0, 8.0], [-2.3428564623141117, 50.829549209923826, -28.0, 8.0], [-2.498339039351238, 52.14049171885431, -28.0, 8.0], [-2.6327855829273363, 53.456779052560954, -28.0, 8.0], [-2.7502230718765532, 54.77730145921432, -28.0, 8.0], [-2.8546784850330393, 56.100949186985034, -28.0, 8.0], [-2.9501788012309422, 57.426612484043694, -28.0, 8.0], [-3.0407509993044117, 58.75318159856086, -28.0, 8.0], [-3.1304220580875963, 60.07954677870718, -28.0, 8.0], [-3.2232189564146463, 61.40459827265325, -28.0, 8.0], [-3.3231686731197096, 62.72722632856966, -28.0, 8.0], [-3.434298187036935, 64.04632119462698, -28.0, 8.0], [-3.560634477000473, 65.3607731189959, -28.0, 8.0], [-3.706204521844471, 66.66947234984693, -28.0, 8.0], [-3.8750353004030798, 67.9713091353507, -28.0, 8.0], [-4.071153791510447, 69.26517372367783, -28.0, 8.0], [-4.298586974000722, 70.5499563629989, -28.0, 8.0], [-4.561361826708055, 71.82454730148456, -28.0, 8.0], [-4.863505328466594, 73.08783678730538, -28.0, 8.0], [-5.209044458110489, 74.33871506863188, -28.0, 8.0], [-5.61620451733374, 75.57350106481682, -28.0, 8.0], [-6.094388025131945, 76.79064697456178, -28.0, 8.0], [-6.634387786291662, 77.9922429650611, -28.0, 8.0], [-7.226996605599435, 79.18037920350889, -28.0, 8.0], [-7.863007287841821, 80.3571458570994, -28.0, 8.0], [-8.533212637805363, 81.52463309302685, -28.0, 8.0], [-9.228405460276615, 82.68493107848545, -28.0, 8.0], [-9.939378560042124, 83.84012998066939, -28.0, 8.0], [-10.656924741888453, 84.9923199667729, -28.0, 8.0], [-11.371836810602142, 86.14359120399021, -28.0, 8.0], [-12.074907570969735, 87.29603385951548, -28.0, 8.0], [-12.7569298277778, 88.45173810054297, -28.0, 8.0], [-13.40869638581287, 89.61279409426687, -28.0, 8.0], [-14.02100004986151, 90.7812920078814, -28.0, 8.0], [-14.584633624710262, 91.95932200858081, -28.0, 8.0], [-15.090389915145678, 93.14897426355924, -28.0, 8.0], [-15.52906172595431, 94.35233894001097, -28.0, 8.0], [-15.891441861922713, 95.57150620513016, -28.0, 8.0], [-16.168323127837425, 96.80856622611105, -28.0, 8.0]], "num_spline_nodes": 20, "road_bbox_size": [-250.0, 0.0, 250.0, 500.0], "distance_to_boundary": null}