{"control_nodes": [[3.910861626005767, -24.692208514878445, -28.0, 8.0], [0.0, 0.0, -28.0, 8.0], [-3.9108616260057705, 24.692208514878445, -28.0, 8.0], [0.8593632584078525, 49.232888101070046, -28.0, 8.0], [8.998567119836771, 72.87085249105297, -28.0, 8.0], [7.690168213763175, 97.83659085991732, -28.0, 8.0], [-4.430072292395249, 119.70208353840222, -28.0, 8.0]], "sample_nodes": [[0.0, 0.0, -28.0, 8.0], [-0.21722566344683764, 1.2997887497053966, -28.0, 8.0], [-0.4547017109389741, 2.5999309711791194, -28.0, 8.0], [-0.7086311954679174, 3.9003603884646183, -28.0, 8.0], [-0.9752171700251722, 5.201010725605319, -28.0, 8.0], [-1.2506626876022466, 6.501815706644671, -28.0, 8.0], [-1.5311708011906455, 7.802709055626105, -28.0, 8.0], [-1.8129445637818753, 9.103624496593053, -28.0, 8.0], [-2.0921870283674417, 10.404495753588964, -28.0, 8.0], [-2.3651012479388545, 11.705256550657275, -28.0, 8.0], [-2.627890275487616, 13.005840611841418, -28.0, 8.0], [-2.8767571640052334, 14.306181661184825, -28.0, 8.0], [-3.1079049664832157, 15.606213422730956, -28.0, 8.0], [-3.3175367359130643, 16.905869620523216, -28.0, 8.0], [-3.50185552528629, 18.205083978605067, -28.0, 8.0], [-3.6570643875943976, 19.503790221019955, -28.0, 8.0], [-3.779366375828893, 20.80192207181128, -28.0, 8.0], [-3.8649645429812827, 22.099413255022526, -28.0, 8.0], [-3.9100619420430736, 23.396197494697102, -28.0, 8.0], [-3.9108616260057705, 24.692208514878445, -28.0, 8.0], [-3.869252884528553, 25.98858662449039, -28.0, 8.0], [-3.791205250467512, 27.286297279755523, -28.0, 8.0], [-3.679042141609531, 28.58501192566548, -28.0, 8.0], [-3.5350869757414887, 29.88440200721184, -28.0, 8.0], [-3.361663170650265, 31.18413896938623, -28.0, 8.0], [-3.1610941441227407, 32.483894257180246, -28.0, 8.0], [-2.935703313945797, 33.7833393155855, -28.0, 8.0], [-2.687814097906315, 35.082145589593594, -28.0, 8.0], [-2.419749913791171, 36.37998452419615, -28.0, 8.0], [-2.1338341793872484, 37.676527564384756, -28.0, 8.0], [-1.8323903124814285, 38.97144615515103, -28.0, 8.0], [-1.5177417308605872, 40.26441174148657, -28.0, 8.0], [-1.1922118523116114, 41.55509576838299, -28.0, 8.0], [-0.8581240946213763, 42.843169680831906, -28.0, 8.0], [-0.517801875576763, 44.12830492382491, -28.0, 8.0], [-0.1735686129646556, 45.41017294235361, -28.0, 8.0], [0.17225227542807095, 46.68844518140965, -28.0, 8.0], [0.5173373718145338, 47.96279308598459, -28.0, 8.0], [0.8593632584078525, 49.232888101070046, -28.0, 8.0], [1.2205684522563567, 50.49657013063117, -28.0, 8.0], [1.6210032580709728, 51.752548498502605, -28.0, 8.0], [2.0550619395587244, 53.00179877948034, -28.0, 8.0], [2.517138760426627, 54.24529654836024, -28.0, 8.0], [3.0016279843817033, 55.484017379938265, -28.0, 8.0], [3.502923875130972, 56.71893684901035, -28.0, 8.0], [4.01542069638145, 57.9510305303724, -28.0, 8.0], [4.533512711840158, 59.18127399882036, -28.0, 8.0], [5.05159418521412, 60.410642829150156, -28.0, 8.0], [5.5640593802103515, 61.64011259615771, -28.0, 8.0], [6.065302560535868, 62.87065887463894, -28.0, 8.0], [6.549717989897699, 64.1032572393898, -28.0, 8.0], [7.011699932002852, 65.33888326520619, -28.0, 8.0], [7.445642650558358, 66.57851252688405, -28.0, 8.0], [7.845940409271226, 67.82312059921932, -28.0, 8.0], [8.206987471848484, 69.07368305700791, -28.0, 8.0], [8.523178101997148, 70.33117547504578, -28.0, 8.0], [8.78890656342424, 71.59657342812885, -28.0, 8.0], [8.998567119836771, 72.87085249105297, -28.0, 8.0], [9.167029901239834, 74.15754652484719, -28.0, 8.0], [9.312504399910539, 75.45824785129444, -28.0, 8.0], [9.434393922963958, 76.77101973632152, -28.0, 8.0], [9.532101777515155, 78.09392544585528, -28.0, 8.0], [9.6050312706792, 79.42502824582255, -28.0, 8.0], [9.652585709571166, 80.76239140215023, -28.0, 8.0], [9.674168401306115, 82.1040781807651, -28.0, 8.0], [9.669182652999115, 83.44815184759405, -28.0, 8.0], [9.63703177176524, 84.79267566856387, -28.0, 8.0], [9.577119064719554, 86.13571290960147, -28.0, 8.0], [9.488847838977124, 87.47532683663361, -28.0, 8.0], [9.371621401653021, 88.8095807155872, -28.0, 8.0], [9.224843059862316, 90.13653781238908, -28.0, 8.0], [9.04791612072007, 91.45426139296609, -28.0, 8.0], [8.840243891341355, 92.76081472324503, -28.0, 8.0], [8.601229678841243, 94.0542610691528, -28.0, 8.0], [8.330276790334793, 95.3326636966162, -28.0, 8.0], [8.026788532937084, 96.5940858715621, -28.0, 8.0], [7.690168213763174, 97.83659085991731, -28.0, 8.0]], "num_spline_nodes": 20, "road_bbox_size": [-250.0, 0.0, 250.0, 500.0], "distance_to_boundary": null}