{"control_nodes": [[5.623776358596623, -24.359251619630882, -28.0, 8.0], [0.0, 0.0, -28.0, 8.0], [-11.349762493488669, 22.275163104709197, -28.0, 8.0], [-15.690966935161926, 46.8953569300144, -28.0, 8.0], [-7.96554207578824, 70.67176983739324, -28.0, 8.0], [-8.401852236720327, 95.66796221630302, -28.0, 8.0], [-10.580745805411782, 120.57282966859667, -28.0, 8.0]], "sample_nodes": [[0.0, 0.0, -28.0, 8.0], [-0.4713123675117717, 1.2185232459151452, -28.0, 8.0], [-0.9881920835510627, 2.4209415801009095, -28.0, 8.0], [-1.5450692935384744, 3.6091922175604436, -28.0, 8.0], [-2.1363741428945997, 4.785212373296882, -28.0, 8.0], [-2.7565367770400413, 5.950939262313374, -28.0, 8.0], [-3.3999873413953936, 7.108310099613058, -28.0, 8.0], [-4.061155981381251, 8.259262100199074, -28.0, 8.0], [-4.7344728424182145, 9.405732479074565, -28.0, 8.0], [-5.414368069926885, 10.549658451242681, -28.0, 8.0], [-6.095271809327855, 11.69297723170656, -28.0, 8.0], [-6.771614206041718, 12.837626035469334, -28.0, 8.0], [-7.437825405489084, 13.985542077534166, -28.0, 8.0], [-8.088335553090538, 15.138662572904176, -28.0, 8.0], [-8.717574794266682, 16.29892473658252, -28.0, 8.0], [-9.319973274438114, 17.468265783572342, -28.0, 8.0], [-9.88996113902543, 18.648622928876772, -28.0, 8.0], [-10.421968533449231, 19.841933387498973, -28.0, 8.0], [-10.910425603130113, 21.050134374442063, -28.0, 8.0], [-11.349762493488669, 22.275163104709197, -28.0, 8.0], [-11.75961245289202, 23.516683592019298, -28.0, 8.0], [-12.161847094756832, 24.77213855518705, -28.0, 8.0], [-12.554254112078059, 26.04013326685927, -28.0, 8.0], [-12.934621197850637, 27.319272999682756, -28.0, 8.0], [-13.300736045069513, 28.608163026304318, -28.0, 8.0], [-13.650386346729618, 29.90540861937076, -28.0, 8.0], [-13.981359795825902, 31.20961505152888, -28.0, 8.0], [-14.291444085353307, 32.519387595425485, -28.0, 8.0], [-14.578426908306774, 33.833331523707386, -28.0, 8.0], [-14.840095957681239, 35.15005210902138, -28.0, 8.0], [-15.074238926471644, 36.468154624014275, -28.0, 8.0], [-15.278643507672946, 37.786244341332875, -28.0, 8.0], [-15.451097394280065, 39.10292653362398, -28.0, 8.0], [-15.58938827928796, 40.41680647353441, -28.0, 8.0], [-15.691303855691562, 41.726489433710945, -28.0, 8.0], [-15.75463181648582, 43.03058068680041, -28.0, 8.0], [-15.777159854665674, 44.32768550544961, -28.0, 8.0], [-15.756675663226062, 45.61640916230534, -28.0, 8.0], [-15.690966935161926, 46.8953569300144, -28.0, 8.0], [-15.558653180584432, 48.16507548272239, -28.0, 8.0], [-15.345727123067505, 49.42764302162778, -28.0, 8.0], [-15.061036275800257, 50.683962109956774, -28.0, 8.0], [-14.713428151971783, 51.93493531093554, -28.0, 8.0], [-14.311750264771199, 53.181465187790295, -28.0, 8.0], [-13.864850127387594, 54.424454303747154, -28.0, 8.0], [-13.381575253010073, 55.66480522203235, -28.0, 8.0], [-12.870773154827752, 56.90342050587205, -28.0, 8.0], [-12.34129134602972, 58.14120271849241, -28.0, 8.0], [-11.801977339805083, 59.37905442311965, -28.0, 8.0], [-11.261678649342949, 60.617878182979915, -28.0, 8.0], [-10.729242787832412, 61.858576561299415, -28.0, 8.0], [-10.21351726846259, 63.1020521213043, -28.0, 8.0], [-9.723349604422573, 64.34920742622077, -28.0, 8.0], [-9.267587308901467, 65.60094503927502, -28.0, 8.0], [-8.85507789508838, 66.8581675236932, -28.0, 8.0], [-8.494668876172412, 68.12177744270153, -28.0, 8.0], [-8.195207765342664, 69.39267735952613, -28.0, 8.0], [-7.96554207578824, 70.67176983739324, -28.0, 8.0], [-7.793450465369391, 71.95866925403385, -28.0, 8.0], [-7.658941504197742, 73.25200597645218, -28.0, 8.0], [-7.5592075738394655, 74.55120655178423, -28.0, 8.0], [-7.491441055860729, 75.8556975271659, -28.0, 8.0], [-7.452834331827706, 77.1649054497332, -28.0, 8.0], [-7.440579783306562, 78.47825686662208, -28.0, 8.0], [-7.451869791863471, 79.79517832496848, -28.0, 8.0], [-7.483896739064603, 81.11509637190838, -28.0, 8.0], [-7.533853006476127, 82.43743755457774, -28.0, 8.0], [-7.59893097566421, 83.76162842011254, -28.0, 8.0], [-7.676323028195026, 85.08709551564868, -28.0, 8.0], [-7.763221545634745, 86.41326538832219, -28.0, 8.0], [-7.8568189095495375, 87.73956458526898, -28.0, 8.0], [-7.95430750150557, 89.06541965362504, -28.0, 8.0], [-8.052879703069014, 90.39025714052634, -28.0, 8.0], [-8.149727895806043, 91.71350359310881, -28.0, 8.0], [-8.242044461282827, 93.03458555850848, -28.0, 8.0], [-8.32702178106553, 94.35292958386123, -28.0, 8.0], [-8.401852236720327, 95.66796221630302, -28.0, 8.0]], "num_spline_nodes": 20, "road_bbox_size": [-250.0, 0.0, 250.0, 500.0], "distance_to_boundary": null}