{"control_nodes": [[-6.890933895424972, -24.031542398457976, -28.0, 8.0], [0.0, 0.0, -28.0, 8.0], [-9.365164835397803, 23.179596364169686, -28.0, 8.0], [-5.0239603937245425, 47.79979018947489, -28.0, 8.0], [1.0240869962671493, 72.0571833463748, -28.0, 8.0], [5.794311880680772, 96.5978629325664, -28.0, 8.0], [12.685245776105752, 120.62940533102437, -28.0, 8.0]], "sample_nodes": [[0.0, 0.0, -28.0, 8.0], [-0.12694180415205697, 1.2382102592024717, -28.0, 8.0], [-0.3688078485741137, 2.4687127373029916, -28.0, 8.0], [-0.7124931027918054, 3.6925101505118425, -28.0, 8.0], [-1.1448925363307627, 4.91060521503929, -28.0, 8.0], [-1.6529011187166225, 6.124000647095617, -28.0, 8.0], [-2.223413819475015, 7.333699162891094, -28.0, 8.0], [-2.843325608131573, 8.540703478635988, -28.0, 8.0], [-3.499531454211931, 9.746016310540583, -28.0, 8.0], [-4.178926327241724, 10.950640374815157, -28.0, 8.0], [-4.868405196746586, 12.155578387669975, -28.0, 8.0], [-5.554863032252143, 13.36183306531531, -28.0, 8.0], [-6.225194803284038, 14.570407123961447, -28.0, 8.0], [-6.866295479367894, 15.782303279818642, -28.0, 8.0], [-7.465060030029353, 16.998524249097187, -28.0, 8.0], [-8.008383424794042, 18.220072748007357, -28.0, 8.0], [-8.483160633187598, 19.447951492759408, -28.0, 8.0], [-8.876286624735656, 20.683163199563637, -28.0, 8.0], [-9.174656368963849, 21.926710584630307, -28.0, 8.0], [-9.365164835397803, 23.179596364169686, -28.0, 8.0], [-9.462645314472937, 24.441847186191392, -28.0, 8.0], [-9.494166697830847, 25.712295372527745, -28.0, 8.0], [-9.464977356806472, 26.99015215012313, -28.0, 8.0], [-9.380325662734732, 28.274628745921888, -28.0, 8.0], [-9.24545998695055, 29.564936386868396, -28.0, 8.0], [-9.06562870078886, 30.860286299906996, -28.0, 8.0], [-8.846080175584579, 32.15988971198206, -28.0, 8.0], [-8.592062782672642, 33.46295785003796, -28.0, 8.0], [-8.308824893387966, 34.76870194101905, -28.0, 8.0], [-8.001614879065482, 36.076333211869695, -28.0, 8.0], [-7.675681111040115, 37.385062889534225, -28.0, 8.0], [-7.3362719606467905, 38.69410220095706, -28.0, 8.0], [-6.9886357992204395, 40.00266237308252, -28.0, 8.0], [-6.638020998095981, 41.30995463285497, -28.0, 8.0], [-6.289675928608346, 42.615190207218795, -28.0, 8.0], [-5.948848962092459, 43.91758032311832, -28.0, 8.0], [-5.620788469883245, 45.216336207497946, -28.0, 8.0], [-5.310742823315632, 46.51066908730202, -28.0, 8.0], [-5.0239603937245425, 47.79979018947489, -28.0, 8.0], [-4.744278668588281, 49.0846922247656, -28.0, 8.0], [-4.452906512881908, 50.367082143674466, -28.0, 8.0], [-4.151149364185492, 51.64724253277293, -28.0, 8.0], [-3.8403126600791024, 52.925455978632314, -28.0, 8.0], [-3.5217018381428047, 54.20200506782405, -28.0, 8.0], [-3.196622335956671, 55.47717238691948, -28.0, 8.0], [-2.8663795911007686, 56.75124052248999, -28.0, 8.0], [-2.5322790411551654, 58.02449206110697, -28.0, 8.0], [-2.1956261236999284, 59.2972095893418, -28.0, 8.0], [-1.857726276315128, 60.56967569376584, -28.0, 8.0], [-1.5198849365808331, 61.84217296095047, -28.0, 8.0], [-1.1834075420771093, 63.114983977467105, -28.0, 8.0], [-0.8495995303840302, 64.38839132988707, -28.0, 8.0], [-0.5197663390816591, 65.6626776047818, -28.0, 8.0], [-0.19521340575006618, 66.93812538872264, -28.0, 8.0], [0.12275383203067755, 68.21501726828097, -28.0, 8.0], [0.43282993668050807, 69.49363583002821, -28.0, 8.0], [0.733709470619355, 70.77426366053568, -28.0, 8.0], [1.0240869962671493, 72.0571833463748, -28.0, 8.0], [1.3025491697731804, 73.34277529327079, -28.0, 8.0], [1.569543908978085, 74.63100045492531, -28.0, 8.0], [1.8265576688388239, 75.92151223987449, -28.0, 8.0], [2.0750769043123505, 77.21396405665433, -28.0, 8.0], [2.316588070355625, 78.508009313801, -28.0, 8.0], [2.552577621925603, 79.8033014198505, -28.0, 8.0], [2.784532013979241, 81.0994937833389, -28.0, 8.0], [3.013937701473495, 82.39623981280232, -28.0, 8.0], [3.2422811393653266, 83.69319291677682, -28.0, 8.0], [3.471048782611688, 84.99000650379844, -28.0, 8.0], [3.7017270861695373, 86.28633398240326, -28.0, 8.0], [3.9358025049958343, 87.58182876112738, -28.0, 8.0], [4.174761494047532, 88.87614424850686, -28.0, 8.0], [4.42009050828159, 90.16893385307779, -28.0, 8.0], [4.673276002654964, 91.4598509833762, -28.0, 8.0], [4.935804432124612, 92.74854904793818, -28.0, 8.0], [5.209162251647491, 94.03468145529988, -28.0, 8.0], [5.49483591618056, 95.31790161399724, -28.0, 8.0], [5.794311880680772, 96.5978629325664, -28.0, 8.0]], "num_spline_nodes": 20, "road_bbox_size": [-250.0, 0.0, 250.0, 500.0], "distance_to_boundary": null}