{"control_nodes": [[-4.592425496802574e-15, -25.0, -28.0, 8.0], [0.0, 0.0, -28.0, 8.0], [4.34120444167326, 24.6201938253052, -28.0, 8.0], [3.904894280741173, 49.61638620421498, -28.0, 8.0], [-8.215346225417251, 71.48187888269987, -28.0, 8.0], [-15.524638843485668, 95.38949778177576, -28.0, 8.0], [-17.2685506870888, 120.32859903827136, -28.0, 8.0]], "sample_nodes": [[0.0, 0.0, -28.0, 8.0], [0.13222004888707234, 1.3042768019030917, -28.0, 8.0], [0.29773684498222824, 2.605738442270679, -28.0, 8.0], [0.49256202888426837, 3.904715496140664, -28.0, 8.0], [0.7127072411919904, 5.201538538550927, -28.0, 8.0], [0.9541841225041954, 6.49653814453937, -28.0, 8.0], [1.2130043134196815, 7.79004488914388, -28.0, 8.0], [1.4851794545372472, 9.082389347402342, -28.0, 8.0], [1.7667211864556926, 10.373902094352655, -28.0, 8.0], [2.053641149773819, 11.664913705032717, -28.0, 8.0], [2.3419509850904228, 12.95575475448041, -28.0, 8.0], [2.627662333004303, 14.246755817733618, -28.0, 8.0], [2.906786834114263, 15.538247469830257, -28.0, 8.0], [3.175336129019095, 16.830560285808186, -28.0, 8.0], [3.429321858317605, 18.124024840705324, -28.0, 8.0], [3.6647556626085898, 19.418971709559553, -28.0, 8.0], [3.8776491824908472, 20.715731467408755, -28.0, 8.0], [4.064014058563179, 22.014634689290844, -28.0, 8.0], [4.219861931424385, 23.316011950243695, -28.0, 8.0], [4.34120444167326, 24.6201938253052, -28.0, 8.0], [4.446409977557883, 25.931010267994566, -28.0, 8.0], [4.554492007746692, 27.25104833841142, -28.0, 8.0], [4.6624297934690455, 28.578774271464365, -28.0, 8.0], [4.767202595954298, 29.91265430206196, -28.0, 8.0], [4.865789676431797, 31.251154665112793, -28.0, 8.0], [4.955170296130904, 32.59274159552542, -28.0, 8.0], [5.032323716280965, 33.935881328208424, -28.0, 8.0], [5.094229198111339, 35.27904009807038, -28.0, 8.0], [5.13786600285138, 36.62068414001987, -28.0, 8.0], [5.160213391730438, 37.95927968896545, -28.0, 8.0], [5.158250625977869, 39.2932929798157, -28.0, 8.0], [5.128956966823026, 40.62119024747922, -28.0, 8.0], [5.069311675495264, 41.94143772686454, -28.0, 8.0], [4.976294013223934, 43.25250165288027, -28.0, 8.0], [4.846883241238392, 44.55284826043498, -28.0, 8.0], [4.678058620767992, 45.840943784437215, -28.0, 8.0], [4.466799413042088, 47.11525445979559, -28.0, 8.0], [4.210084879290029, 48.37424652141865, -28.0, 8.0], [3.904894280741173, 49.61638620421498, -28.0, 8.0], [3.5366323420053027, 50.838464797656684, -28.0, 8.0], [3.097527317062644, 52.0398044336637, -28.0, 8.0], [2.5947937611982157, 53.22266761081649, -28.0, 8.0], [2.03564622969704, 54.38931682769544, -28.0, 8.0], [1.427299277844132, 55.54201458288097, -28.0, 8.0], [0.7769674609245143, 56.68302337495349, -28.0, 8.0], [0.09186533422320725, 57.814605702493395, -28.0, 8.0], [-0.6207925469747697, 58.93902406408114, -28.0, 8.0], [-1.3537916273844017, 60.058540958297115, -28.0, 8.0], [-2.099917351720666, 61.175418883721704, -28.0, 8.0], [-2.8519551646985395, 62.291920338935356, -28.0, 8.0], [-3.6026905110330114, 63.41030782251847, -28.0, 8.0], [-4.34490883543905, 64.53284383305146, -28.0, 8.0], [-5.071395582631647, 65.66179086911472, -28.0, 8.0], [-5.774936197325777, 66.79941142928871, -28.0, 8.0], [-6.448316124236419, 67.9479680121538, -28.0, 8.0], [-7.084320808078561, 69.10972311629043, -28.0, 8.0], [-7.675735693567178, 70.28693924027898, -28.0, 8.0], [-8.215346225417251, 71.48187888269987, -28.0, 8.0], [-8.72097629101916, 72.69058899111421, -28.0, 8.0], [-9.215039497940245, 73.90731348938156, -28.0, 8.0], [-9.69720587116097, 75.13161034053016, -28.0, 8.0], [-10.167145435661764, 76.36303750758825, -28.0, 8.0], [-10.624528216423087, 77.60115295358395, -28.0, 8.0], [-11.069024238425373, 78.84551464154556, -28.0, 8.0], [-11.50030352664907, 80.09568053450123, -28.0, 8.0], [-11.918036106074624, 81.35120859547919, -28.0, 8.0], [-12.321892001682485, 82.61165678750767, -28.0, 8.0], [-12.71154123845309, 83.87658307361485, -28.0, 8.0], [-13.086653841366887, 85.14554541682892, -28.0, 8.0], [-13.446899835404327, 86.41810178017816, -28.0, 8.0], [-13.791949245545847, 87.69381012669069, -28.0, 8.0], [-14.121472096771896, 88.97222841939481, -28.0, 8.0], [-14.435138414062923, 90.25291462131864, -28.0, 8.0], [-14.732618222399365, 91.53542669549044, -28.0, 8.0], [-15.013581546761674, 92.81932260493845, -28.0, 8.0], [-15.277698412130297, 94.10416031269082, -28.0, 8.0], [-15.524638843485668, 95.38949778177576, -28.0, 8.0]], "num_spline_nodes": 20, "road_bbox_size": [-250.0, 0.0, 250.0, 500.0], "distance_to_boundary": null}