{"control_nodes": [[1.3083989060735985, -24.965738368864347, -28.0, 8.0], [0.0, 0.0, -28.0, 8.0], [1.3083989060735992, 24.965738368864347, -28.0, 8.0], [-3.889393364370384, 49.41942838720949, -28.0, 8.0], [-8.659618248784005, 73.9601079734011, -28.0, 8.0], [-7.787130831221478, 98.94487864887849, -28.0, 8.0], [-10.833864416350162, 123.75853243991153, -28.0, 8.0]], "sample_nodes": [[0.0, 0.0, -28.0, 8.0], [0.01559505468922318, 1.3146581114323832, -28.0, 8.0], [0.059720067426184, 2.63051067885081, -28.0, 8.0], [0.12838481121482, 3.947333741757906, -28.0, 8.0], [0.217599059059068, 5.264903339656278, -28.0, 8.0], [0.3233725839628659, 6.5829955120485515, -28.0, 8.0], [0.44171515893015056, 7.901386298437336, -28.0, 8.0], [0.5686365569648589, 9.219851738325245, -28.0, 8.0], [0.7001465510709285, 10.538167871214895, -28.0, 8.0], [0.832254914252297, 11.856110736608914, -28.0, 8.0], [0.9609714195129017, 13.173456374009907, -28.0, 8.0], [1.0823058398566785, 14.489980822920487, -28.0, 8.0], [1.1922679482875667, 15.805460122843282, -28.0, 8.0], [1.2868675178095015, 17.119670313280885, -28.0, 8.0], [1.3621143214264215, 18.43238743373594, -28.0, 8.0], [1.4140181321422638, 19.74338752371105, -28.0, 8.0], [1.4385887229609655, 21.052446622708818, -28.0, 8.0], [1.4318358668864641, 22.359340770231885, -28.0, 8.0], [1.3897693369226962, 23.66384600578286, -28.0, 8.0], [1.3083989060735992, 24.965738368864347, -28.0, 8.0], [1.187937009950447, 26.264754409584004, -28.0, 8.0], [1.0332780341721548, 27.560954657133546, -28.0, 8.0], [0.8474546767541256, 28.85460111964175, -28.0, 8.0], [0.6334996357117618, 30.14595580523735, -28.0, 8.0], [0.3944456090604647, 31.435280722049107, -28.0, 8.0], [0.1333252948156371, 32.722837878205766, -28.0, 8.0], [-0.14682860900731803, 34.00888928183606, -28.0, 8.0], [-0.44298340439299877, 35.29369694106876, -28.0, 8.0], [-0.7521063933260049, 36.57752286403263, -28.0, 8.0], [-1.0711648777909326, 37.86062905885639, -28.0, 8.0], [-1.3971261597723783, 39.14327753366878, -28.0, 8.0], [-1.726957541254944, 40.4257302965986, -28.0, 8.0], [-2.0576263242232207, 41.708249355774555, -28.0, 8.0], [-2.3860998106618125, 42.99109671932541, -28.0, 8.0], [-2.7093453025553154, 44.27453439537992, -28.0, 8.0], [-3.024330101888324, 45.55882439206684, -28.0, 8.0], [-3.3280215106454416, 46.84422871751491, -28.0, 8.0], [-3.6173868308112627, 48.13100937985288, -28.0, 8.0], [-3.889393364370384, 49.41942838720949, -28.0, 8.0], [-4.157960431075154, 50.70840581844153, -28.0, 8.0], [-4.437508477269728, 51.996791206729384, -28.0, 8.0], [-4.7257564948264115, 53.284740741687386, -28.0, 8.0], [-5.020423475617514, 54.57241061292978, -28.0, 8.0], [-5.319228411515343, 55.85995701007083, -28.0, 8.0], [-5.619890294392211, 57.14753612272487, -28.0, 8.0], [-5.920128116120422, 58.43530414050612, -28.0, 8.0], [-6.217660868572284, 59.723417253028856, -28.0, 8.0], [-6.510207543620107, 61.012031649907385, -28.0, 8.0], [-6.7954871331362, 62.301303520755965, -28.0, 8.0], [-7.071218628992869, 63.59138905518887, -28.0, 8.0], [-7.335121023062424, 64.88244444282037, -28.0, 8.0], [-7.584913307217173, 66.17462587326477, -28.0, 8.0], [-7.818314473329424, 67.46808953613632, -28.0, 8.0], [-8.033043513271489, 68.76299162104931, -28.0, 8.0], [-8.226819418915666, 70.05948831761799, -28.0, 8.0], [-8.397361182134272, 71.35773581545668, -28.0, 8.0], [-8.542387794799618, 72.65789030417963, -28.0, 8.0], [-8.659618248784003, 73.96010797340108, -28.0, 8.0], [-8.741828256971182, 75.26483162252534, -28.0, 8.0], [-8.786102346422062, 76.57222053747198, -28.0, 8.0], [-8.796622730274725, 77.88200563762858, -28.0, 8.0], [-8.777571621667228, 79.19391784238258, -28.0, 8.0], [-8.733131233737641, 80.50768807112152, -28.0, 8.0], [-8.66748377962403, 81.82304724323288, -28.0, 8.0], [-8.58481147246446, 83.1397262781041, -28.0, 8.0], [-8.489296525397005, 84.45745609512275, -28.0, 8.0], [-8.385121151559728, 85.77596761367627, -28.0, 8.0], [-8.276467564090694, 87.09499175315217, -28.0, 8.0], [-8.167517976127971, 88.41425943293794, -28.0, 8.0], [-8.062454600809629, 89.73350157242108, -28.0, 8.0], [-7.965459651273731, 91.05244909098904, -28.0, 8.0], [-7.880715340658347, 92.37083290802937, -28.0, 8.0], [-7.8124038821015445, 93.68838394292953, -28.0, 8.0], [-7.764707488741389, 95.00483311507705, -28.0, 8.0], [-7.741808373715948, 96.31991134385939, -28.0, 8.0], [-7.74788875016329, 97.63334954866406, -28.0, 8.0], [-7.787130831221478, 98.94487864887849, -28.0, 8.0]], "num_spline_nodes": 20, "road_bbox_size": [-250.0, 0.0, 250.0, 500.0], "distance_to_boundary": null}