{"control_nodes": [[-0.872487417562519, -24.984770675477392, -28.0, 8.0], [0.0, 0.0, -28.0, 8.0], [2.1788935686914535, 24.90486745229364, -28.0, 8.0], [-3.444882789905172, 49.264119071924526, -28.0, 8.0], [6.7235332869898325, 72.10275551298955, -28.0, 8.0], [12.771580676981525, 96.36014866988945, -28.0, 8.0], [10.158369095290187, 121.22319605409629, -28.0, 8.0]], "sample_nodes": [[0.0, 0.0, -28.0, 8.0], [0.094061351678134, 1.3133856269030109, -28.0, 8.0], [0.2129903129387318, 2.6276362837682807, -28.0, 8.0], [0.35280274203587636, 3.9425482764963258, -28.0, 8.0], [0.5095144972236487, 5.257917910987639, -28.0, 8.0], [0.6791414367561321, 6.57354149314274, -28.0, 8.0], [0.8576994188874079, 7.889215328862122, -28.0, 8.0], [1.041204301871558, 9.204735724046287, -28.0, 8.0], [1.2256719439626642, 10.519898984595748, -28.0, 8.0], [1.4071182034148104, 11.834501416411015, -28.0, 8.0], [1.5815589384820767, 13.14833932539258, -28.0, 8.0], [1.745010007418546, 14.46120901744095, -28.0, 8.0], [1.8934872684783008, 15.772906798456646, -28.0, 8.0], [2.0230065799154215, 17.083228974340145, -28.0, 8.0], [2.1295837999839917, 18.391971850991972, -28.0, 8.0], [2.2092347869380937, 19.69893173431263, -28.0, 8.0], [2.257975399031808, 21.003904930202616, -28.0, 8.0], [2.2718214945192194, 22.306687744562446, -28.0, 8.0], [2.2467889316544074, 23.607076483292627, -28.0, 8.0], [2.1788935686914535, 24.90486745229364, -28.0, 8.0], [2.0464718644849893, 26.201815277951205, -28.0, 8.0], [1.8373963439171095, 27.499526084905426, -28.0, 8.0], [1.5619869642830961, 28.797573426438483, -28.0, 8.0], [1.2305636828782323, 30.095530855832514, -28.0, 8.0], [0.8534464569977971, 31.392971926369675, -28.0, 8.0], [0.44095524393707525, 32.68947019133213, -28.0, 8.0], [0.003410000991348361, 33.984599204001995, -28.0, 8.0], [-0.44886931454410123, 35.27793251766147, -28.0, 8.0], [-0.9055627453739947, 36.56904368559269, -28.0, 8.0], [-1.3563503342030478, 37.8575062610778, -28.0, 8.0], [-1.7909121237359764, 39.14289379739896, -28.0, 8.0], [-2.1989281566775034, 40.424779847838344, -28.0, 8.0], [-2.5700784757323407, 41.702737965678054, -28.0, 8.0], [-2.894043123605212, 42.97634170420029, -28.0, 8.0], [-3.1605021430008335, 44.245164616687205, -28.0, 8.0], [-3.35913557662392, 45.50878025642091, -28.0, 8.0], [-3.479623467179195, 46.76676217668361, -28.0, 8.0], [-3.5116458573713727, 48.01868393075744, -28.0, 8.0], [-3.444882789905172, 49.264119071924526, -28.0, 8.0], [-3.277286005039801, 50.500205761487095, -28.0, 8.0], [-3.019493472363865, 51.72522354323464, -28.0, 8.0], [-2.6802145785761815, 52.94045804418034, -28.0, 8.0], [-2.2681587103755687, 54.14719489133732, -28.0, 8.0], [-1.7920352544608418, 55.34671971171873, -28.0, 8.0], [-1.260553597530817, 56.54031813233775, -28.0, 8.0], [-0.682423126284313, 57.729275780207516, -28.0, 8.0], [-0.06635322742014638, 58.914878282341164, -28.0, 8.0], [0.5789467123628653, 60.098411265751864, -28.0, 8.0], [1.2447673063659088, 61.28116035745276, -28.0, 8.0], [1.9223991678901649, 62.46441118445701, -28.0, 8.0], [2.6031329102368157, 63.64944937377774, -28.0, 8.0], [3.2782591467070423, 64.83756055242813, -28.0, 8.0], [3.9390684906020357, 66.03003034742133, -28.0, 8.0], [4.576851555222972, 67.22814438577046, -28.0, 8.0], [5.182898953871035, 68.43318829448869, -28.0, 8.0], [5.74850129984741, 69.64644770058919, -28.0, 8.0], [6.2649492064532835, 70.8692082310851, -28.0, 8.0], [6.723533286989832, 72.10275551298955, -28.0, 8.0], [7.1505337485455245, 73.34515665800048, -28.0, 8.0], [7.576712988276649, 74.59338460245988, -28.0, 8.0], [8.000084904586137, 75.84708371034716, -28.0, 8.0], [8.418663395876909, 77.10589834564168, -28.0, 8.0], [8.830462360551891, 78.36947287232275, -28.0, 8.0], [9.233495697014009, 79.63745165436978, -28.0, 8.0], [9.625777303666183, 80.90947905576212, -28.0, 8.0], [10.005321078911344, 82.18519944047908, -28.0, 8.0], [10.370140921152412, 83.4642571725001, -28.0, 8.0], [10.718250728792315, 84.74629661580447, -28.0, 8.0], [11.047664400233973, 86.03096213437155, -28.0, 8.0], [11.356395833880317, 87.31789809218071, -28.0, 8.0], [11.642458928134268, 88.60674885321134, -28.0, 8.0], [11.903867581398751, 89.89715878144277, -28.0, 8.0], [12.138635692076694, 91.18877224085433, -28.0, 8.0], [12.344777158571016, 92.48123359542542, -28.0, 8.0], [12.520305879284647, 93.77418720913545, -28.0, 8.0], [12.663235752620508, 95.06727744596365, -28.0, 8.0], [12.771580676981525, 96.36014866988945, -28.0, 8.0]], "num_spline_nodes": 20, "road_bbox_size": [-250.0, 0.0, 250.0, 500.0], "distance_to_boundary": null}