{"control_nodes": [[-5.197792270443995, -24.45369001834514, -28.0, 8.0], [0.0, 0.0, -28.0, 8.0], [-11.736789069647273, 22.07368982147317, -28.0, 8.0], [-1.1713325261297864, 44.73138449738941, -28.0, 8.0], [-3.7845441078211253, 69.59443188159625, -28.0, 8.0], [-11.509968967194808, 93.37084478897509, -28.0, 8.0], [-1.7416907549629652, 116.3834661252861, -28.0, 8.0]], "sample_nodes": [[0.0, 0.0, -28.0, 8.0], [-0.2470183536326529, 1.2172191301582007, -28.0, 8.0], [-0.6324747123263674, 2.4209313227800786, -28.0, 8.0], [-1.1392076121855685, 3.612432978966961, -28.0, 8.0], [-1.750055589314675, 4.793020499820158, -28.0, 8.0], [-2.4478571798181132, 5.963990286440998, -28.0, 8.0], [-3.2154509198003036, 7.126638739930792, -28.0, 8.0], [-4.035675345365665, 8.282262261390859, -28.0, 8.0], [-4.891368992618622, 9.432157251922522, -28.0, 8.0], [-5.765370397663602, 10.577620112627098, -28.0, 8.0], [-6.640518096605022, 11.719947244605908, -28.0, 8.0], [-7.499650625547299, 12.860435048960259, -28.0, 8.0], [-8.325606520594867, 14.000379926791494, -28.0, 8.0], [-9.10122431785214, 15.1410782792009, -28.0, 8.0], [-9.809342553423543, 16.28382650728982, -28.0, 8.0], [-10.432799763413495, 17.429921012159568, -28.0, 8.0], [-10.95443448392642, 18.58065819491145, -28.0, 8.0], [-11.357085251066747, 19.7373344566468, -28.0, 8.0], [-11.623590600938892, 20.901246198466943, -28.0, 8.0], [-11.736789069647273, 22.07368982147317, -28.0, 8.0], [-11.690167982607765, 23.2495129468867, -28.0, 8.0], [-11.49900143902005, 24.42317169361132, -28.0, 8.0], [-11.178808135664301, 25.5953752092723, -28.0, 8.0], [-10.74510676932067, 26.76683264149486, -28.0, 8.0], [-10.213416036769319, 27.93825313790426, -28.0, 8.0], [-9.59925463479041, 29.110345846125735, -28.0, 8.0], [-8.918141260164106, 30.28381991378453, -28.0, 8.0], [-8.185594609670563, 31.459384488505876, -28.0, 8.0], [-7.4171333800899415, 32.637748717915045, -28.0, 8.0], [-6.628276268202402, 33.81962174963726, -28.0, 8.0], [-5.834541970788108, 35.00571273129774, -28.0, 8.0], [-5.051449184627215, 36.196730810521785, -28.0, 8.0], [-4.294516606499894, 37.3933851349346, -28.0, 8.0], [-3.5792629331862926, 38.59638485216142, -28.0, 8.0], [-2.9212068614665765, 39.80643910982752, -28.0, 8.0], [-2.335867088120912, 41.024257055558124, -28.0, 8.0], [-1.838762309929449, 42.250547836978484, -28.0, 8.0], [-1.445411223672354, 43.48602060171384, -28.0, 8.0], [-1.1713325261297864, 44.73138449738941, -28.0, 8.0], [-0.990900280205833, 45.98930440951175, -28.0, 8.0], [-0.865790671975332, 47.26101255554854, -28.0, 8.0], [-0.7924755829745747, 48.54506908106693, -28.0, 8.0], [-0.7674268947398523, 49.84003413163395, -28.0, 8.0], [-0.7871164888074554, 51.1444678528167, -28.0, 8.0], [-0.8480162467136758, 52.45693039018231, -28.0, 8.0], [-0.9465980499948043, 53.775981889297796, -28.0, 8.0], [-1.0793337801871312, 55.100182495730294, -28.0, 8.0], [-1.2426953188269487, 56.428092355046886, -28.0, 8.0], [-1.4331545474505483, 57.75827161281464, -28.0, 8.0], [-1.647183347594219, 59.089280414600644, -28.0, 8.0], [-1.8812536007942549, 60.41967890597199, -28.0, 8.0], [-2.1318371885869434, 61.74802723249577, -28.0, 8.0], [-2.395405992508578, 63.07288553973906, -28.0, 8.0], [-2.6684318940954497, 64.39281397326894, -28.0, 8.0], [-2.9473867748838476, 65.70637267865251, -28.0, 8.0], [-3.2287425164100676, 67.01212180145689, -28.0, 8.0], [-3.5089710002103964, 68.3086214872491, -28.0, 8.0], [-3.7845441078211253, 69.59443188159625, -28.0, 8.0], [-4.093356347344936, 70.87248902825749, -28.0, 8.0], [-4.469062698818673, 72.146783010966, -28.0, 8.0], [-4.901775751679892, 73.41745503524986, -28.0, 8.0], [-5.381608095366132, 74.68464630663718, -28.0, 8.0], [-5.898672319314946, 75.94849803065608, -28.0, 8.0], [-6.443081012963878, 77.20915141283467, -28.0, 8.0], [-7.004946765750477, 78.46674765870101, -28.0, 8.0], [-7.574382167112287, 79.72142797378326, -28.0, 8.0], [-8.141499806486861, 80.97333356360951, -28.0, 8.0], [-8.696412273311743, 82.22260563370787, -28.0, 8.0], [-9.229232157024475, 83.4693853896064, -28.0, 8.0], [-9.730072047062615, 84.71381403683327, -28.0, 8.0], [-10.1890445328637, 85.95603278091656, -28.0, 8.0], [-10.596262203865283, 87.19618282738438, -28.0, 8.0], [-10.941837649504912, 88.43440538176482, -28.0, 8.0], [-11.21588345922013, 89.67084164958602, -28.0, 8.0], [-11.40851222244849, 90.90563283637604, -28.0, 8.0], [-11.509836528627533, 92.13892014766304, -28.0, 8.0], [-11.509968967194808, 93.37084478897509, -28.0, 8.0]], "num_spline_nodes": 20, "road_bbox_size": [-250.0, 0.0, 250.0, 500.0], "distance_to_boundary": null}