{"control_nodes": [[-3.910861626005776, -24.69220851487844, -28.0, 8.0], [0.0, 0.0, -28.0, 8.0], [10.168416076895005, 22.83863644106502, -28.0, 8.0], [10.168416076895006, 47.83863644106502, -28.0, 8.0], [-2.331583923104988, 69.48927153567598, -28.0, 8.0], [0.7151496620236992, 94.30292532670903, -28.0, 8.0], [-5.755326465539322, 118.45107098393574, -28.0, 8.0]], "sample_nodes": [[0.0, 0.0, -28.0, 8.0], [0.40072752987419463, 1.2429762588062174, -28.0, 8.0], [0.8571058926703068, 2.4714523223177176, -28.0, 8.0], [1.361950672061856, 3.6871842492745968, -28.0, 8.0], [1.9080774517223544, 4.89192809841693, -28.0, 8.0], [2.4883018153253227, 6.0874399284848115, -28.0, 8.0], [3.095439346544275, 7.275475798218322, -28.0, 8.0], [3.722305629052724, 8.457791766357543, -28.0, 8.0], [4.36171624652419, 9.636143891642561, -28.0, 8.0], [5.006486782632191, 10.812288232813476, -28.0, 8.0], [5.6494328210502385, 11.987980848610356, -28.0, 8.0], [6.283369945451849, 13.164977797773286, -28.0, 8.0], [6.901113739510545, 14.34503513904237, -28.0, 8.0], [7.49547978689983, 15.529908931157667, -28.0, 8.0], [8.059283671293233, 16.72135523285928, -28.0, 8.0], [8.585340976364265, 17.921130102887297, -28.0, 8.0], [9.066467285786441, 19.130989599981785, -28.0, 8.0], [9.49547818323328, 20.35268978288285, -28.0, 8.0], [9.865189252378297, 21.587986710330572, -28.0, 8.0], [10.168416076895005, 22.83863644106502, -28.0, 8.0], [10.424981670196798, 24.107772377440742, -28.0, 8.0], [10.658818795399547, 25.395750355374833, -28.0, 8.0], [10.868907660730503, 26.700160083951296, -28.0, 8.0], [11.05422847441691, 28.0185912722541, -28.0, 8.0], [11.213761444686016, 29.348633629367242, -28.0, 8.0], [11.34648677976507, 30.68787686437469, -28.0, 8.0], [11.451384687881312, 32.033910686360414, -28.0, 8.0], [11.527435377261995, 33.38432480440842, -28.0, 8.0], [11.573619056134365, 34.736708927602685, -28.0, 8.0], [11.588915932725664, 36.08865276502718, -28.0, 8.0], [11.572306215263142, 37.437746025765875, -28.0, 8.0], [11.522770111974046, 38.78157841890278, -28.0, 8.0], [11.439287831085622, 40.11773965352186, -28.0, 8.0], [11.320839580825117, 41.443819438707095, -28.0, 8.0], [11.166405569419775, 42.757407483542465, -28.0, 8.0], [10.97496600509685, 44.056093497111966, -28.0, 8.0], [10.745501096083583, 45.33746718849958, -28.0, 8.0], [10.476991050607218, 46.59911826678927, -28.0, 8.0], [10.168416076895006, 47.83863644106502, -28.0, 8.0], [9.785354318290816, 49.05310053430891, -28.0, 8.0], [9.302241861718684, 50.24309516103704, -28.0, 8.0], [8.731345830776146, 51.411468717634584, -28.0, 8.0], [8.084933349060712, 52.561069600486604, -28.0, 8.0], [7.375271540169898, 53.694746205978205, -28.0, 8.0], [6.614627527701231, 54.81534693049451, -28.0, 8.0], [5.815268435252227, 55.92572017042059, -28.0, 8.0], [4.989461386420409, 57.028714322141596, -28.0, 8.0], [4.149473504803289, 58.12717778204259, -28.0, 8.0], [3.3075719139983906, 59.2239589465087, -28.0, 8.0], [2.476023737603236, 60.32190621192502, -28.0, 8.0], [1.6670960992153374, 61.423867974676675, -28.0, 8.0], [0.8930561224322264, 62.53269263114874, -28.0, 8.0], [0.16617093085141071, 63.65122857772634, -28.0, 8.0], [-0.5012923519295865, 64.7823242107946, -28.0, 8.0], [-1.0970666023132407, 65.92882792673856, -28.0, 8.0], [-1.608884696702041, 67.09358812194338, -28.0, 8.0], [-2.024479511498463, 68.27945319279416, -28.0, 8.0], [-2.331583923104988, 69.48927153567598, -28.0, 8.0], [-2.525933701373711, 70.72142047326847, -28.0, 8.0], [-2.618751036008875, 71.97126204601412, -28.0, 8.0], [-2.620998433191188, 73.23712172694246, -28.0, 8.0], [-2.5436383991013547, 74.51732498908298, -28.0, 8.0], [-2.3976334399200825, 75.81019730546517, -28.0, 8.0], [-2.1939460618280746, 77.11406414911852, -28.0, 8.0], [-1.943538771006039, 78.42725099307252, -28.0, 8.0], [-1.65737407363468, 79.74808331035669, -28.0, 8.0], [-1.346414475894704, 81.07488657400052, -28.0, 8.0], [-1.0216224839668178, 82.4059862570335, -28.0, 8.0], [-0.6939606040317257, 83.73970783248512, -28.0, 8.0], [-0.3743913422701352, 85.07437677338488, -28.0, 8.0], [-0.07387720486274973, 86.40831855276232, -28.0, 8.0], [0.19661930200972322, 87.73985864364687, -28.0, 8.0], [0.4261356721665781, 89.06732251906807, -28.0, 8.0], [0.603709399427108, 90.38903565205536, -28.0, 8.0], [0.7183779776106092, 91.70332351563829, -28.0, 8.0], [0.7591789005363749, 93.00851158284638, -28.0, 8.0], [0.7151496620236992, 94.30292532670904, -28.0, 8.0]], "num_spline_nodes": 20, "road_bbox_size": [-250.0, 0.0, 250.0, 500.0], "distance_to_boundary": null}