{"control_nodes": [[-12.12024050615842, -21.865492678484895, -28.0, 8.0], [0.0, 0.0, -28.0, 8.0], [10.168416076895005, 22.83863644106502, -28.0, 8.0], [5.398191192481384, 47.37931602725662, -28.0, 8.0], [-2.3272336668922993, 71.15572893463546, -28.0, 8.0], [-9.636526284960716, 95.06334783371135, -28.0, 8.0], [-4.012749926364093, 119.42259945334223, -28.0, 8.0]], "sample_nodes": [[0.0, 0.0, -28.0, 8.0], [0.6008808178964212, 1.176815873652189, -28.0, 8.0], [1.2266492871059644, 2.354627131670649, -28.0, 8.0], [1.871625213781698, 3.533752581191652, -28.0, 8.0], [2.530128404076681, 4.7145110293514545, -28.0, 8.0], [3.1964786641439815, 5.897221283286332, -28.0, 8.0], [3.8649958001366613, 7.082202150132542, -28.0, 8.0], [4.529999618207782, 8.269772437026345, -28.0, 8.0], [5.185809924510409, 9.460250951104012, -28.0, 8.0], [5.82674652519761, 10.653956499501813, -28.0, 8.0], [6.447129226422444, 11.851207889356003, -28.0, 8.0], [7.041277834337972, 13.052323927802846, -28.0, 8.0], [7.603512155097269, 14.257623421978618, -28.0, 8.0], [8.128151994853386, 15.467425179019568, -28.0, 8.0], [8.609517159759392, 16.68204800606197, -28.0, 8.0], [9.041927455968354, 17.901810710242092, -28.0, 8.0], [9.419702689633331, 19.127032098696183, -28.0, 8.0], [9.737162666907391, 20.358030978560535, -28.0, 8.0], [9.988627193943593, 21.595126156971396, -28.0, 8.0], [10.168416076895005, 22.83863644106502, -28.0, 8.0], [10.274059093695316, 24.0910541027087, -28.0, 8.0], [10.310367042111537, 25.353939730082132, -28.0, 8.0], [10.28258125804673, 26.62621460479026, -28.0, 8.0], [10.195943077403943, 27.90680000843799, -28.0, 8.0], [10.055693836086235, 29.19461722263027, -28.0, 8.0], [9.867074869996657, 30.488587528972012, -28.0, 8.0], [9.63532751503826, 31.78763220906813, -28.0, 8.0], [9.365693107114101, 33.090672544523564, -28.0, 8.0], [9.063412982127234, 34.396629816943246, -28.0, 8.0], [8.733728475980712, 35.704425307932084, -28.0, 8.0], [8.381880924577587, 37.012980299095, -28.0, 8.0], [8.013111663820911, 38.321216072036954, -28.0, 8.0], [7.632662029613748, 39.628053908362816, -28.0, 8.0], [7.2457733578591395, 40.93241508967756, -28.0, 8.0], [6.8576869844601465, 42.2332208975861, -28.0, 8.0], [6.4736442453198215, 43.52939261369333, -28.0, 8.0], [6.098886476341218, 44.81985151960423, -28.0, 8.0], [5.738655013427386, 46.10351889692368, -28.0, 8.0], [5.398191192481384, 47.37931602725662, -28.0, 8.0], [5.06084155427434, 48.64858493053789, -28.0, 8.0], [4.70744145463203, 49.913647881110926, -28.0, 8.0], [4.33946545203948, 51.174896542193665, -28.0, 8.0], [3.95838810498172, 52.43272257700398, -28.0, 8.0], [3.565683971943771, 53.687517648759766, -28.0, 8.0], [3.162827611410662, 54.93967342067892, -28.0, 8.0], [2.751293581867421, 56.18958155597932, -28.0, 8.0], [2.332556441799073, 57.43763371787888, -28.0, 8.0], [1.9080907496906425, 58.68422156959549, -28.0, 8.0], [1.4793710640271573, 59.92973677434704, -28.0, 8.0], [1.047871943293646, 61.1745709953514, -28.0, 8.0], [0.6150679459751293, 62.4191158958265, -28.0, 8.0], [0.18243363055664197, 63.663763138990205, -28.0, 8.0], [-0.24855644447679665, 64.90890438806042, -28.0, 8.0], [-0.6764277206401587, 66.15493130625507, -28.0, 8.0], [-1.0997056394484133, 67.40223555679198, -28.0, 8.0], [-1.5169156424165409, 68.65120880288909, -28.0, 8.0], [-1.9265831710595116, 69.90224270776432, -28.0, 8.0], [-2.3272336668922993, 71.15572893463546, -28.0, 8.0], [-2.7387317976699843, 72.41033315645011, -28.0, 8.0], [-3.178275485406547, 73.66455336983496, -28.0, 8.0], [-3.640390053005319, 74.91852972352707, -28.0, 8.0], [-4.119600823369623, 76.1724023662633, -28.0, 8.0], [-4.61043311940279, 77.42631144678057, -28.0, 8.0], [-5.107412264008144, 78.68039711381583, -28.0, 8.0], [-5.605063580089014, 79.93479951610598, -28.0, 8.0], [-6.097912390548725, 81.18965880238795, -28.0, 8.0], [-6.580484018290608, 82.44511512139871, -28.0, 8.0], [-7.047303786217987, 83.70130862187514, -28.0, 8.0], [-7.492897017234188, 84.95837945255417, -28.0, 8.0], [-7.911789034242544, 86.21646776217273, -28.0, 8.0], [-8.298505160146371, 87.47571369946775, -28.0, 8.0], [-8.647570717849009, 88.73625741317615, -28.0, 8.0], [-8.953511030253775, 89.99823905203485, -28.0, 8.0], [-9.210851420264003, 91.2617987647808, -28.0, 8.0], [-9.41411721078302, 92.52707670015094, -28.0, 8.0], [-9.557833724714149, 93.79421300688215, -28.0, 8.0], [-9.636526284960716, 95.06334783371135, -28.0, 8.0]], "num_spline_nodes": 20, "road_bbox_size": [-250.0, 0.0, 250.0, 500.0], "distance_to_boundary": null}