{"control_nodes": [[6.890933895424984, -24.03154239845797, -28.0, 8.0], [0.0, 0.0, -28.0, 8.0], [3.0467335851286874, 24.81365379103305, -28.0, 8.0], [15.546733585128692, 46.46428888564402, -28.0, 8.0], [9.922957226532066, 70.8235405052749, -28.0, 8.0], [5.581752784858809, 95.4437343305801, -28.0, 8.0], [0.3839605144148255, 119.89742434892524, -28.0, 8.0]], "sample_nodes": [[0.0, 0.0, -28.0, 8.0], [-0.08676347942150185, 1.291659737750923, -28.0, 8.0], [-0.14486883095534675, 2.594688800167664, -28.0, 8.0], [-0.17452792268683137, 3.9073616601665493, -28.0, 8.0], [-0.1759526227012517, 5.227952790663883, -28.0, 8.0], [-0.1493547990839041, 6.554736664575993, -28.0, 8.0], [-0.09494631992008498, 7.885987754819187, -28.0, 8.0], [-0.012939053295090217, 9.219980534309778, -28.0, 8.0], [0.09645513270578318, 10.554989475964085, -28.0, 8.0], [0.23302436999723986, 11.88928905269843, -28.0, 8.0], [0.3965567904939835, 13.221153737429125, -28.0, 8.0], [0.5868405261107166, 14.548858003072471, -28.0, 8.0], [0.8036637087621454, 15.87067632254481, -28.0, 8.0], [1.0468144703629698, 17.184883168762433, -28.0, 8.0], [1.316080942827897, 18.48975301464167, -28.0, 8.0], [1.6112512580716303, 19.783560333098833, -28.0, 8.0], [1.9321135480088698, 21.06457959705023, -28.0, 8.0], [2.2784559445543247, 22.331085279412196, -28.0, 8.0], [2.6500665796226963, 23.58135185310103, -28.0, 8.0], [3.0467335851286874, 24.81365379103305, -28.0, 8.0], [3.5051363884554445, 26.02431288845976, -28.0, 8.0], [4.054054536039093, 27.21251338860185, -28.0, 8.0], [4.6814263383738215, 28.3808234363295, -28.0, 8.0], [5.375190105953807, 29.53181117651282, -28.0, 8.0], [6.123284149273239, 30.66804475402199, -28.0, 8.0], [6.913646778826292, 31.79209231372713, -28.0, 8.0], [7.73421630510715, 32.90652200049839, -28.0, 8.0], [8.572931038609996, 34.013901959205924, -28.0, 8.0], [9.417729289829017, 35.116800334719876, -28.0, 8.0], [10.25654936925839, 36.21778527191039, -28.0, 8.0], [11.077329587392292, 37.31942491564758, -28.0, 8.0], [11.868008254724922, 38.42428741080165, -28.0, 8.0], [12.616523681750442, 39.53494090224269, -28.0, 8.0], [13.31081417896305, 40.65395353484088, -28.0, 8.0], [13.938818056856919, 41.78389345346636, -28.0, 8.0], [14.488473625926234, 42.927328802989265, -28.0, 8.0], [14.947719196665183, 44.086827728279744, -28.0, 8.0], [15.304493079567942, 45.26495837420796, -28.0, 8.0], [15.546733585128692, 46.46428888564402, -28.0, 8.0], [15.677120719898625, 47.68203862726561, -28.0, 8.0], [15.712034269128145, 48.913001155457366, -28.0, 8.0], [15.65996221136028, 50.156105902650005, -28.0, 8.0], [15.529392525138043, 51.41028230127415, -28.0, 8.0], [15.328813189004455, 52.6744597837605, -28.0, 8.0], [15.066712181502528, 53.94756778253972, -28.0, 8.0], [14.751577481175282, 55.228535730042466, -28.0, 8.0], [14.391897066565738, 56.51629305869942, -28.0, 8.0], [13.996158916216912, 57.80976920094125, -28.0, 8.0], [13.572851008671819, 59.107893589198625, -28.0, 8.0], [13.130461322473483, 60.409595655902194, -28.0, 8.0], [12.677477836164915, 61.71380483348267, -28.0, 8.0], [12.22238852828914, 63.01945055437068, -28.0, 8.0], [11.773681377389169, 64.32546225099692, -28.0, 8.0], [11.339844362008025, 65.63076935579205, -28.0, 8.0], [10.929365460688727, 66.93430130118675, -28.0, 8.0], [10.55073265197429, 68.23498751961168, -28.0, 8.0], [10.21243391440773, 69.53175744349751, -28.0, 8.0], [9.922957226532066, 70.8235405052749, -28.0, 8.0], [9.665304192047932, 72.11339556692799, -28.0, 8.0], [9.416194009634454, 73.40497056415626, -28.0, 8.0], [9.174691050302409, 74.6980785399633, -28.0, 8.0], [8.93985968506258, 75.99253253735283, -28.0, 8.0], [8.710764284925737, 77.28814559932846, -28.0, 8.0], [8.486469220902663, 78.58473076889392, -28.0, 8.0], [8.26603886400413, 79.88210108905281, -28.0, 8.0], [8.048537585240918, 81.1800696028088, -28.0, 8.0], [7.8330297556238015, 82.47844935316554, -28.0, 8.0], [7.618579746163558, 83.77705338312671, -28.0, 8.0], [7.404251927870964, 85.07569473569599, -28.0, 8.0], [7.189110671756795, 86.37418645387699, -28.0, 8.0], [6.972220348831831, 87.67234158067338, -28.0, 8.0], [6.752645330106846, 88.96997315908882, -28.0, 8.0], [6.52944998659262, 90.26689423212702, -28.0, 8.0], [6.301698689299926, 91.56291784279156, -28.0, 8.0], [6.06845580923954, 92.85785703408615, -28.0, 8.0], [5.828785717422242, 94.15152484901445, -28.0, 8.0], [5.581752784858809, 95.4437343305801, -28.0, 8.0]], "num_spline_nodes": 20, "road_bbox_size": [-250.0, 0.0, 250.0, 500.0], "distance_to_boundary": null}