{"control_nodes": [[6.470476127563007, -24.14814565722671, -28.0, 8.0], [0.0, 0.0, -28.0, 8.0], [-4.341204441673257, 24.6201938253052, -28.0, 8.0], [-8.252066067679028, 49.312402340183645, -28.0, 8.0], [-7.815755906746938, 74.30859471909343, -28.0, 8.0], [-11.295083430748573, 99.0652964376327, -28.0, 8.0], [-6.52485854633495, 123.6059760238243, -28.0, 8.0]], "sample_nodes": [[0.0, 0.0, -28.0, 8.0], [-0.27933953956833285, 1.2845560629100914, -28.0, 8.0], [-0.5488177255930781, 2.571352897193494, -28.0, 8.0], [-0.8091776382040913, 3.8602155355903376, -28.0, 8.0], [-1.0611623575312241, 5.150969010840733, -28.0, 8.0], [-1.3055149637043326, 6.44343835568481, -28.0, 8.0], [-1.5429785368532694, 7.737448602862685, -28.0, 8.0], [-1.7742961571078868, 9.03282478511447, -28.0, 8.0], [-2.00021090459804, 10.329391935180292, -28.0, 8.0], [-2.221465859453584, 11.626975085800279, -28.0, 8.0], [-2.438804101804371, 12.925399269714543, -28.0, 8.0], [-2.6529687117802534, 14.224489519663194, -28.0, 8.0], [-2.8647027695110885, 15.524070868386378, -28.0, 8.0], [-3.0747493551267255, 16.823968348624184, -28.0, 8.0], [-3.283851548757022, 18.12400699311676, -28.0, 8.0], [-3.492752430531831, 19.424011834604208, -28.0, 8.0], [-3.7021950805810033, 20.723807905826657, -28.0, 8.0], [-3.9129225790343973, 22.023220239524225, -28.0, 8.0], [-4.125678006021865, 23.322073868437037, -28.0, 8.0], [-4.341204441673257, 24.6201938253052, -28.0, 8.0], [-4.56290747844373, 25.91768398996244, -28.0, 8.0], [-4.792555222903751, 27.214832526439256, -28.0, 8.0], [-5.02843452635617, 28.51174089377101, -28.0, 8.0], [-5.268832240103821, 29.80851055099302, -28.0, 8.0], [-5.512035215449552, 31.105242957140632, -28.0, 8.0], [-5.756330303696202, 32.402039571249176, -28.0, 8.0], [-6.00000435614661, 33.699001852353994, -28.0, 8.0], [-6.241344224103619, 34.99623125949043, -28.0, 8.0], [-6.478636758870072, 36.29382925169381, -28.0, 8.0], [-6.710168811748808, 37.59189728799946, -28.0, 8.0], [-6.934227234042668, 38.89053682744273, -28.0, 8.0], [-7.149098877054497, 40.18984932905897, -28.0, 8.0], [-7.353070592087131, 41.48993625188349, -28.0, 8.0], [-7.544429230443416, 42.790899054951645, -28.0, 8.0], [-7.721461643426192, 44.092839197298765, -28.0, 8.0], [-7.882454682338299, 45.39585813796018, -28.0, 8.0], [-8.025695198482582, 46.70005733597125, -28.0, 8.0], [-8.149470043161877, 48.0055382503673, -28.0, 8.0], [-8.252066067679028, 49.312402340183645, -28.0, 8.0], [-8.326638617937528, 50.62112598484857, -28.0, 8.0], [-8.369894472540425, 51.93195945394955, -28.0, 8.0], [-8.385447631839906, 53.24466504176083, -28.0, 8.0], [-8.376912096188146, 54.55900504255659, -28.0, 8.0], [-8.347901865937335, 55.87474175061106, -28.0, 8.0], [-8.30203094143965, 57.19163746019843, -28.0, 8.0], [-8.24291332304727, 58.50945446559291, -28.0, 8.0], [-8.174163011112384, 59.82795506106872, -28.0, 8.0], [-8.099394005987167, 61.14690154090006, -28.0, 8.0], [-8.022220308023805, 62.46605619936114, -28.0, 8.0], [-7.946255917574476, 63.78518133072616, -28.0, 8.0], [-7.875114834991365, 65.10403922926933, -28.0, 8.0], [-7.812411060626653, 66.42239218926487, -28.0, 8.0], [-7.761758594832523, 67.74000250498699, -28.0, 8.0], [-7.726771437961153, 69.05663247070987, -28.0, 8.0], [-7.711063590364727, 70.37204438070776, -28.0, 8.0], [-7.718249052395432, 71.68600052925485, -28.0, 8.0], [-7.75194182440544, 72.99826321062535, -28.0, 8.0], [-7.815755906746938, 74.30859471909343, -28.0, 8.0], [-7.917221120754966, 75.61751890724969, -28.0, 8.0], [-8.057910734457895, 76.92572494130255, -28.0, 8.0], [-8.232503918247902, 78.23322308595296, -28.0, 8.0], [-8.43567984251717, 79.5400236059019, -28.0, 8.0], [-8.66211767765787, 80.84613676585033, -28.0, 8.0], [-8.906496594062189, 82.15157283049936, -28.0, 8.0], [-9.1634957621223, 83.45634206454987, -28.0, 8.0], [-9.427794352230386, 84.76045473270287, -28.0, 8.0], [-9.694071534778619, 86.06392109965932, -28.0, 8.0], [-9.957006480159185, 87.36675143012027, -28.0, 8.0], [-10.211278358764257, 88.66895598878669, -28.0, 8.0], [-10.451566340986018, 89.97054504035953, -28.0, 8.0], [-10.672549597216642, 91.2715288495398, -28.0, 8.0], [-10.868907297848313, 92.57191768102851, -28.0, 8.0], [-11.035318613273207, 93.87172179952658, -28.0, 8.0], [-11.166462713883497, 95.17095146973506, -28.0, 8.0], [-11.25701877007137, 96.4696169563549, -28.0, 8.0], [-11.301665952229003, 97.76772852408713, -28.0, 8.0], [-11.295083430748573, 99.06529643763268, -28.0, 8.0]], "num_spline_nodes": 20, "road_bbox_size": [-250.0, 0.0, 250.0, 500.0], "distance_to_boundary": null}